{"type":"Topology","objects":{"zaf.geo":{"type":"GeometryCollection","geometries":[{"type":"MultiPolygon","properties":{"cca2":"za"},"arcs":[[[0]],[[1]],[[2],[3]]]}]}},"arcs":[[[993,1],[0,-1],[-1,0],[-1,0],[-1,0],[-1,0],[-2,0],[-1,0],[-3,0],[-1,0],[0,1],[-1,0],[-1,1],[0,1],[4,2],[0,1],[1,0],[1,0],[3,0],[1,0],[1,-1],[1,0],[1,-1],[2,-1],[-2,-2]],[[998,13],[-3,0],[-1,0],[-1,0],[0,1],[1,0],[1,1],[1,0],[1,0],[1,-1],[1,0],[0,-1],[-1,0]],[[623,997],[1,0],[1,0],[1,0],[4,-2],[12,-4],[3,0],[2,0],[1,0],[1,0],[1,1],[1,0],[1,0],[2,0],[4,-1],[3,1],[3,1],[3,0],[3,0],[1,0],[2,-1],[1,0],[4,-1],[1,0],[1,0],[1,0],[0,1],[1,0],[0,-1],[5,-1],[0,-1],[1,-1],[1,-1],[10,-25],[2,-5],[-1,-2],[0,-3],[0,-5],[0,-2],[3,-2],[1,-1],[1,-1],[1,-1],[0,-1],[1,-2],[1,-3],[2,-4],[4,-2],[1,-2],[0,-1],[1,-7],[0,-1],[2,-4],[1,-1],[2,-5],[1,-1],[-1,-10],[0,-4],[1,-5],[0,-5],[0,-3],[0,-9],[-1,-3],[-1,-3],[0,-1],[1,-1],[0,-3],[-1,-2],[-3,-6],[3,-6],[-5,-1],[-3,1],[-2,1],[-1,1],[-7,4],[-8,4],[-4,-1],[-1,-1],[-8,-6],[-1,-1],[0,-2],[-1,-1],[-1,-2],[0,-1],[-1,-1],[-2,-3],[-2,-2],[-3,-3],[-3,-3],[-1,-2],[-1,-1],[0,-3],[0,-3],[0,-3],[0,-1],[1,-1],[0,-3],[3,0],[0,1],[1,1],[0,-2],[3,-6],[4,-5],[5,-5],[3,-1],[3,0],[6,-2],[5,-1],[7,0],[4,0],[8,0],[2,0],[0,1],[0,1],[-1,2],[0,3],[0,1],[1,2],[1,10],[1,0],[3,0],[1,0],[1,-1],[1,0],[0,-1],[1,0],[8,0],[2,0],[14,0],[4,0],[5,0],[0,-3],[0,-2],[-1,-1],[0,-1],[-1,-3],[0,-1],[-4,-9],[-1,-2],[-1,-1],[-1,-3],[-1,0],[-1,-4],[-1,-3],[0,-1],[-2,-7],[0,-1],[1,-1],[-2,-7],[0,-2],[-1,-1],[0,-1],[-1,-1],[-1,-1],[-1,-1],[-1,-2],[-1,-2],[0,-2],[-1,-3],[0,-1],[-1,-1],[-1,0],[-4,-4],[-4,-3],[-8,-6],[-1,0],[-1,0],[-3,-2],[-1,0],[-1,-1],[-1,0],[-1,0],[-2,0],[-3,-2],[-2,-2],[-5,-5],[-1,0],[-4,-4],[-2,-1],[-1,-1],[-2,-1],[-1,-2],[-6,-6],[-3,-4],[-1,-1],[-5,-8],[0,-1],[1,0],[1,0],[1,0],[-1,0],[0,-1],[-1,0],[-3,-3],[-1,0],[-1,-1],[-1,0],[-1,-2],[-1,-1],[-1,-1],[0,-1],[0,-1],[-1,-1],[-3,-4],[-1,-1],[0,-1],[-1,-1],[-3,-4],[-8,-10],[-3,-4],[0,-1],[-1,-1],[-8,-8],[-1,-1],[-1,-1],[-7,-7],[-1,-1],[-5,-3],[-2,-1],[0,-1],[-1,0],[-1,0],[-1,0],[-1,0],[-1,-1],[-1,-1],[-1,-1],[0,-1],[-3,-2],[-4,-2],[-1,-1],[-5,-2],[-4,-4],[-2,-1],[-1,-1],[-1,-2],[-2,-2],[-5,-4],[-7,-7],[-5,-3],[-3,-2],[-5,-4],[-4,-3],[-1,0],[0,-1],[-1,-1],[-8,-5],[-1,0],[-4,-2],[-1,-1],[-6,-3],[0,-1],[-1,0],[0,-1],[-8,-6],[-3,-1],[-2,-1],[-3,-1],[-6,-4],[-7,-4],[-5,-2],[-7,-3],[-4,-3],[-1,0],[-3,-1],[-2,-1],[-4,-1],[-8,-2],[-4,-2],[0,-1],[-1,0],[-4,-1],[-3,-1],[-1,0],[-8,0],[-1,0],[0,1],[-1,0],[-6,1],[-1,0],[-1,0],[-3,0],[-1,0],[-1,0],[-3,0],[-1,0],[-2,0],[-3,-1],[-2,-1],[-2,-1],[-2,-2],[-1,-3],[0,-1],[1,0],[1,-1],[1,0],[0,-1],[1,0],[0,-1],[0,-1],[-3,0],[-2,0],[-7,0],[-2,1],[-2,0],[-1,1],[-1,0],[-1,0],[-2,1],[-2,0],[-2,0],[-4,0],[-2,0],[-2,0],[-2,-1],[-1,0],[0,-1],[0,-1],[0,-1],[-4,-5],[-2,0],[-6,1],[-1,0],[-1,0],[-1,-1],[0,1],[-4,0],[-1,0],[-1,0],[0,1],[-1,0],[-3,1],[-16,3],[-16,2],[-2,0],[-2,0],[-1,0],[-2,0],[-4,-1],[-3,0],[-1,-1],[0,-2],[-6,0],[-8,0],[-5,0],[-7,2],[-1,1],[-11,1],[-1,-1],[-1,0],[0,-1],[-1,0],[-1,-1],[-1,0],[-2,0],[-1,0],[-1,0],[-3,1],[-4,-1],[-2,-1],[-1,0],[-1,-1],[0,-1],[-8,-3],[-1,-1],[-1,-1],[0,-1],[0,-1],[0,-1],[-3,-1],[-1,0],[-1,-1],[-3,0],[-1,0],[-3,0],[-1,0],[-1,1],[-1,0],[-1,0],[-1,1],[-1,0],[-1,-1],[-3,0],[0,-1],[-1,0],[-2,-1],[-3,-1],[-1,0],[-3,1],[-1,0],[-1,1],[-2,0],[-2,1],[-1,0],[-5,0],[-1,0],[-2,0],[-2,-1],[0,-1],[-2,-2],[-4,1],[-2,0],[-1,0],[-3,0],[-2,0],[-1,-1],[-1,0],[-1,0],[-1,-1],[-1,0],[-1,-1],[-1,-1],[-1,-1],[-7,-4],[-2,0],[-3,-2],[-1,0],[-2,-2],[-3,-2],[-1,0],[-1,0],[-1,1],[-1,0],[-1,1],[-1,0],[-7,0],[-1,0],[-1,0],[-1,0],[-1,0],[-1,1],[-3,1],[-1,2],[-4,2],[-5,1],[2,2],[0,1],[0,1],[-1,0],[0,1],[-1,1],[-1,1],[-1,0],[-1,0],[-1,0],[-1,0],[-1,0],[-3,0],[-1,0],[0,1],[0,1],[-1,1],[-4,0],[-4,-1],[-3,0],[0,-1],[-1,0],[-1,1],[0,2],[1,2],[1,0],[0,1],[0,3],[0,1],[-1,1],[0,1],[-1,0],[-1,0],[-1,1],[-1,0],[-2,0],[-5,0],[-2,0],[-1,-1],[-1,0],[-1,0],[-2,-2],[0,-1],[0,-1],[1,0],[1,-2],[0,-4],[-1,0],[-1,0],[-1,1],[-1,1],[-1,1],[-3,9],[3,5],[1,1],[1,0],[1,-1],[1,4],[-1,5],[-6,8],[0,1],[-1,0],[-1,2],[-1,0],[-4,3],[-3,4],[1,2],[0,1],[-4,6],[-1,0],[0,1],[-1,0],[-1,0],[-1,0],[0,-1],[-1,-1],[-1,0],[0,1],[-1,1],[-2,7],[1,1],[2,1],[4,2],[2,-2],[1,0],[2,0],[1,0],[1,0],[5,4],[1,0],[1,2],[1,1],[0,1],[1,2],[0,1],[0,1],[1,7],[0,1],[-1,1],[0,1],[0,1],[-1,1],[0,1],[-2,8],[0,1],[0,1],[0,1],[-2,6],[-1,0],[-1,2],[0,1],[-3,3],[-2,1],[-1,1],[-1,1],[-5,5],[-1,1],[-1,1],[-3,4],[-1,1],[0,1],[-1,1],[-2,3],[-5,6],[-7,10],[-1,3],[-1,1],[0,1],[-3,4],[-1,1],[-1,0],[0,1],[-2,2],[0,1],[0,1],[-2,5],[-3,5],[-2,6],[-1,0],[0,1],[-1,2],[-1,5],[0,1],[-1,1],[-2,6],[-3,6],[-1,1],[-4,8],[0,2],[-1,0],[-6,8],[-1,0],[0,1],[-1,0],[-1,0],[-4,7],[-2,2],[0,2],[0,1],[7,3],[2,1],[0,1],[1,-1],[0,-1],[1,0],[3,2],[1,3],[0,1],[1,5],[3,5],[0,1],[1,0],[0,1],[7,1],[1,0],[1,-1],[1,-1],[0,-1],[1,0],[1,0],[1,0],[0,-1],[0,-2],[0,-1],[0,-1],[1,0],[0,-1],[1,0],[2,0],[0,1],[1,0],[1,0],[1,0],[0,-1],[3,-4],[0,-1],[-1,-1],[0,-1],[-1,0],[0,-4],[2,-7],[0,-1],[1,0],[0,1],[1,0],[2,0],[4,1],[1,-1],[0,-1],[0,-1],[1,-1],[1,0],[1,0],[1,0],[1,1],[2,0],[7,-1],[3,-1],[1,-1],[1,0],[0,-1],[1,0],[0,-1],[1,0],[6,-1],[7,1],[18,1],[10,-1],[1,0],[1,0],[0,-1],[0,-1],[1,0],[5,-2],[1,0],[0,1],[1,0],[1,0],[1,1],[3,1],[0,2],[-1,1],[0,1],[1,2],[0,1],[1,0],[1,0],[1,0],[1,-1],[1,1],[2,0],[2,1],[1,0],[1,1],[0,2],[1,1],[2,3],[8,2],[1,0],[0,-1],[1,0],[1,0],[1,0],[8,3],[0,1],[0,2],[0,12],[0,7],[0,12],[0,4],[0,4],[0,2],[0,12],[0,25],[0,22],[0,10],[0,8],[0,8],[0,5],[0,9],[0,3],[0,1],[2,-2],[1,0],[3,-2],[1,-1],[1,0],[3,-1],[1,0],[1,0],[6,-5],[2,-4],[4,-6],[4,-4],[1,-2],[1,-1],[1,-4],[0,-1],[0,-2],[0,-2],[3,-3],[2,-2],[1,-3],[2,-10],[-3,-4],[-1,-3],[-1,0],[-2,-3],[-1,0],[-1,-1],[0,-1],[-1,0],[-1,0],[0,-1],[-1,-2],[0,-1],[1,-9],[1,-3],[3,-2],[3,1],[1,0],[1,1],[0,1],[1,0],[1,0],[1,1],[1,0],[1,-1],[2,0],[1,-1],[1,0],[1,-1],[4,0],[1,0],[1,0],[1,0],[5,1],[3,0],[1,1],[1,0],[1,0],[1,-1],[1,0],[1,0],[2,-1],[4,0],[3,0],[1,0],[3,2],[1,1],[0,1],[0,1],[-1,1],[0,1],[1,0],[1,1],[2,0],[1,0],[1,0],[3,0],[1,0],[2,1],[1,0],[1,0],[0,1],[3,3],[1,0],[1,1],[0,1],[1,2],[0,2],[1,0],[2,2],[5,2],[6,3],[6,4],[0,1],[2,3],[1,0],[1,0],[0,1],[1,0],[0,1],[1,5],[0,2],[0,2],[1,0],[0,1],[1,0],[1,1],[0,1],[1,2],[-1,2],[1,1],[4,6],[3,2],[2,2],[8,1],[4,0],[8,0],[3,-3],[4,-2],[2,-1],[1,-1],[2,0],[0,-1],[1,0],[6,-5],[1,0],[0,-1],[1,0],[4,-2],[1,0],[1,1],[1,0],[3,0],[3,1],[2,-1],[0,-1],[1,-1],[1,-1],[4,-2],[1,0],[1,0],[1,0],[0,1],[1,0],[1,0],[2,-1],[1,0],[4,-2],[1,0],[1,0],[1,0],[0,-1],[6,0],[4,1],[3,2],[2,1],[1,0],[2,0],[1,0],[1,0],[1,-1],[1,0],[1,0],[8,0],[1,1],[2,0],[4,3],[4,2],[2,3],[2,3],[1,1],[4,9],[2,7],[2,5],[0,1],[1,3],[-1,0],[0,1],[0,2],[2,0],[5,1],[7,2],[5,1],[4,1],[1,0],[1,0],[2,1],[1,0],[0,1],[1,1],[0,1],[1,1],[0,1],[2,1],[8,5],[0,1],[1,0],[1,0],[1,0],[1,1],[1,0],[1,0],[0,1],[1,6],[2,7],[2,7],[1,2],[1,2],[1,0],[2,1],[1,2],[3,2],[8,5],[1,0],[3,1],[2,0],[2,0],[1,0],[1,0],[1,1],[0,1],[0,1],[0,2],[2,1],[4,1],[1,0],[3,1],[8,6],[1,3],[3,4],[3,2],[2,1],[1,1],[0,1],[0,1],[1,1],[5,3],[2,1],[1,0],[4,0],[8,1],[1,0],[9,3],[3,1],[1,0],[0,1],[1,0],[0,1],[1,1],[0,1],[0,1],[0,1],[3,3],[1,0],[1,1],[9,1],[5,0],[3,1],[1,0],[10,1],[2,0],[4,-1],[1,-1],[3,0]],[[561,739],[-2,0],[-1,0],[-1,-1],[-3,0],[-2,-1],[0,-1],[0,-1],[-1,0],[-2,0],[-1,0],[-4,-1],[0,1],[-1,0],[-2,-2],[-3,-2],[-2,-3],[-6,-1],[-4,-1],[-8,-5],[0,-1],[1,-1],[-1,0],[-4,-4],[-2,-3],[-2,-1],[-5,-6],[-2,-2],[0,-1],[-1,-1],[-2,0],[-1,0],[-3,-1],[-6,-2],[-1,0],[0,-1],[1,-1],[1,-1],[1,0],[1,-2],[3,-5],[2,-2],[0,-1],[1,-2],[3,-2],[4,-7],[0,-4],[2,0],[2,0],[5,-4],[0,-1],[2,-2],[6,-4],[9,-2],[2,0],[2,0],[3,-1],[3,4],[0,1],[1,2],[4,7],[3,3],[1,1],[1,0],[1,2],[1,1],[5,0],[5,0],[3,0],[5,2],[4,1],[1,0],[6,3],[1,0],[2,2],[3,1],[1,0],[-1,3],[-1,0],[-1,0],[0,1],[0,1],[1,0],[0,1],[0,1],[0,1],[1,2],[1,0],[2,1],[1,0],[0,1],[1,0],[1,0],[1,1],[-1,0],[0,3],[0,1],[1,1],[2,1],[1,0],[1,0],[1,0],[0,1],[1,0],[1,3],[-1,3],[-5,7],[-1,1],[-1,0],[-4,2],[-9,5],[-3,1],[0,1],[-2,2],[-1,1],[-1,0],[-2,1],[-1,2],[-5,4],[-1,1],[-1,0],[-1,-1],[-1,0],[-1,0],[-1,0]]],"bbox":[16.48333,-46.96973,37.981667,-22.136391],"transform":{"scale":[0.02151985685685686,0.024858197197197195],"translate":[16.48333,-46.96973]}}
